"created","song","artist","songartist","url","count"
2015-07-08 18:44:14,"Little Monster","Royal Blood","Little Monster - Royal Blood","https://t.co/hoA22ruzAz",23
2015-07-08 17:14:56,"House Every Weekend","David Zowie","House Every Weekend - David Zowie",NA,19
2015-07-08 15:52:24,"Alright","Kendrick Lamar","Alright - Kendrick Lamar","https://t.co/8mQmxY8fws",23
2015-07-08 15:49:24,"Don't","Bryson Tiller","Don't - Bryson Tiller","https://t.co/5aIpY2Oagv",18
2015-07-08 15:09:38,"Dreams","Beck","Dreams - Beck","https://t.co/AyQGWKitnm",23
2015-07-08 14:47:52,"Can't Feel My Face","The Weeknd","Can't Feel My Face - The Weeknd","https://t.co/q5jNrBLMdm",25
2015-07-08 14:39:37,"Where Are Ü Now (With Justin Bieber)","Skrillex &Amp; Diplo","Where Are Ü Now (With Justin Bieber) - Skrillex &Amp; Diplo","https://t.co/RPsSAlyXnw",22
2015-07-08 14:14:51,"Trap Queen","Fetty Wap","Trap Queen - Fetty Wap","https://t.co/OWRc7c13Gg",21
2015-07-08 14:14:06,"Bad Blood (Feat. Kendrick Lamar)","Taylor Swift","Bad Blood (Feat. Kendrick Lamar) - Taylor Swift","https://t.co/JNWOYie7i2",20
2015-07-08 13:52:21,"Pedestrian At Best","Courtney Barnett","Pedestrian At Best - Courtney Barnett","https://t.co/VH1qO224JN",21
2015-07-08 12:56:49,"Don't Wanna Fight","Alabama Shakes","Don't Wanna Fight - Alabama Shakes","https://t.co/W1fdRGfVts",22
2015-07-08 12:53:49,"Good For You (Feat. A$Ap Rocky)","Selena Gomez","Good For You (Feat. A$Ap Rocky) - Selena Gomez","https://t.co/O0qUbiYdXK",20
2015-07-08 12:42:34,"Holding On (Feat. Sam Dew)","Julio Bashmore","Holding On (Feat. Sam Dew) - Julio Bashmore","https://t.co/xckvanF7PP",20
2015-07-08 12:19:19,"Dreams","Beck","Dreams - Beck","https://t.co/AyQGWKitnm",23
2015-07-08 12:08:49,"Powerful (Feat. Ellie Goulding &Amp; Tarrus Riley)","Major Lazer","Powerful (Feat. Ellie Goulding &Amp; Tarrus Riley) - Major Lazer","https://t.co/qOE3XOAbGU",18
2015-07-08 12:05:48,"Alright","Kendrick Lamar","Alright - Kendrick Lamar","https://t.co/8mQmxY8fws",23
2015-07-08 11:55:17,"Pedestrian At Best","Courtney Barnett","Pedestrian At Best - Courtney Barnett","https://t.co/VH1qO224JN",21
2015-07-08 11:32:47,"Where Are Ü Now (With Justin Bieber)","Skrillex &Amp; Diplo","Where Are Ü Now (With Justin Bieber) - Skrillex &Amp; Diplo","https://t.co/RPsSAlyXnw",22
2015-07-08 10:53:01,"Bad Blood (Feat. Kendrick Lamar)","Taylor Swift","Bad Blood (Feat. Kendrick Lamar) - Taylor Swift","https://t.co/JNWOYie7i2",20
2015-07-08 10:47:01,"Alright","Kendrick Lamar","Alright - Kendrick Lamar","https://t.co/8mQmxY8fws",23
2015-07-08 10:38:46,"Little Monster","Royal Blood","Little Monster - Royal Blood","https://t.co/hoA22ruzAz",23
2015-07-08 10:35:46,"Freedom","Pharrell Williams","Freedom - Pharrell Williams","https://t.co/McCYQzuIcH",21
2015-07-08 10:11:45,"Powerful (Feat. Ellie Goulding &Amp; Tarrus Riley)","Major Lazer","Powerful (Feat. Ellie Goulding &Amp; Tarrus Riley) - Major Lazer","https://t.co/qOE3XOAbGU",18
2015-07-08 10:04:15,"Cha Cha","D.R.A.M.","Cha Cha - D.R.A.M.","https://t.co/y5x202RZhS",21
2015-07-08 09:40:59,"Can't Feel My Face","The Weeknd","Can't Feel My Face - The Weeknd","https://t.co/q5jNrBLMdm",25
2015-07-08 09:34:14,"Don't","Bryson Tiller","Don't - Bryson Tiller","https://t.co/5aIpY2Oagv",18
2015-07-08 09:28:59,"Holding On (Feat. Gregory Porter)","Disclosure","Holding On (Feat. Gregory Porter) - Disclosure","https://t.co/A59KFhjiMB",21
2015-07-08 09:16:15,"Pedestrian At Best","Courtney Barnett","Pedestrian At Best - Courtney Barnett","https://t.co/VH1qO224JN",21
2015-07-08 09:08:44,"Don't Wanna Fight","Alabama Shakes","Don't Wanna Fight - Alabama Shakes","https://t.co/W1fdRGfVts",22
2015-07-08 07:24:26,"Beautiful Life (Feat Action Bronson &Amp; Joey Bada$$)","Statik Selektah","Beautiful Life (Feat Action Bronson &Amp; Joey Bada$$) - Statik Selektah","https://t.co/oG1DKJUaDu",17
2015-07-08 06:39:24,"Where Are Ü Now (With Justin Bieber)","Skrillex &Amp; Diplo","Where Are Ü Now (With Justin Bieber) - Skrillex &Amp; Diplo","https://t.co/RPsSAlyXnw",22
2015-07-08 06:14:38,"Trap Queen","Fetty Wap","Trap Queen - Fetty Wap","https://t.co/OWRc7c13Gg",21
2015-07-08 06:13:54,"Bad Blood (Feat. Kendrick Lamar)","Taylor Swift","Bad Blood (Feat. Kendrick Lamar) - Taylor Swift","https://t.co/JNWOYie7i2",20
2015-07-08 06:13:08,"Holding On (Feat. Sam Dew)","Julio Bashmore","Holding On (Feat. Sam Dew) - Julio Bashmore","https://t.co/xckvanF7PP",20
2015-07-08 06:03:23,"Dreams","Beck","Dreams - Beck","https://t.co/AyQGWKitnm",23
2015-07-08 05:22:07,"We Run The Block","Bonkaz","We Run The Block - Bonkaz","https://t.co/SWxqsMit0g",18
2015-07-08 04:13:53,"Holding On (Feat. Sam Dew)","Julio Bashmore","Holding On (Feat. Sam Dew) - Julio Bashmore","https://t.co/xckvanF7PP",20
2015-07-08 03:37:04,"Don't Wanna Fight","Alabama Shakes","Don't Wanna Fight - Alabama Shakes","https://t.co/W1fdRGfVts",22
2015-07-08 03:13:49,"Where Are Ü Now (With Justin Bieber)","Skrillex &Amp; Diplo","Where Are Ü Now (With Justin Bieber) - Skrillex &Amp; Diplo","https://t.co/RPsSAlyXnw",22
2015-07-08 03:06:19,"Can't Feel My Face","The Weeknd","Can't Feel My Face - The Weeknd","https://t.co/q5jNrBLMdm",25
2015-07-08 01:55:03,"Good For You (Feat. A$Ap Rocky)","Selena Gomez","Good For You (Feat. A$Ap Rocky) - Selena Gomez","https://t.co/O0qUbiYdXK",20
2015-07-08 00:11:29,"Alright","Kendrick Lamar","Alright - Kendrick Lamar","https://t.co/8mQmxY8fws",23
2015-07-08 00:01:44,"Holding On (Feat. Gregory Porter)","Disclosure","Holding On (Feat. Gregory Porter) - Disclosure","https://t.co/A59KFhjiMB",21
2015-07-07 23:56:30,"Pedestrian At Best","Courtney Barnett","Pedestrian At Best - Courtney Barnett","https://t.co/VH1qO224JN",21
2015-07-07 23:33:58,"Where Are Ü Now (With Justin Bieber)","Skrillex &Amp; Diplo","Where Are Ü Now (With Justin Bieber) - Skrillex &Amp; Diplo","https://t.co/RPsSAlyXnw",22
2015-07-07 23:09:12,"Beautiful Life (Feat Action Bronson &Amp; Joey Bada$$)","Statik Selektah","Beautiful Life (Feat Action Bronson &Amp; Joey Bada$$) - Statik Selektah","https://t.co/oG1DKJUaDu",17
2015-07-07 22:54:12,"Bad Blood (Feat. Kendrick Lamar)","Taylor Swift","Bad Blood (Feat. Kendrick Lamar) - Taylor Swift","https://t.co/JNWOYie7i2",20
2015-07-07 22:48:11,"Alright","Kendrick Lamar","Alright - Kendrick Lamar","https://t.co/8mQmxY8fws",23
2015-07-07 22:39:57,"Little Monster","Royal Blood","Little Monster - Royal Blood","https://t.co/hoA22ruzAz",23
2015-07-07 22:36:56,"Freedom","Pharrell Williams","Freedom - Pharrell Williams","https://t.co/McCYQzuIcH",21
2015-07-07 22:12:57,"Powerful (Feat. Ellie Goulding &Amp; Tarrus Riley)","Major Lazer","Powerful (Feat. Ellie Goulding &Amp; Tarrus Riley) - Major Lazer","https://t.co/qOE3XOAbGU",18
2015-07-07 22:05:26,"Cha Cha","D.R.A.M.","Cha Cha - D.R.A.M.","https://t.co/y5x202RZhS",21
2015-07-07 22:02:27,"Beautiful Life (Feat Action Bronson &Amp; Joey Bada$$)","Statik Selektah","Beautiful Life (Feat Action Bronson &Amp; Joey Bada$$) - Statik Selektah","https://t.co/oG1DKJUaDu",17
2015-07-07 21:53:27,"Dreams","Beck","Dreams - Beck","https://t.co/AyQGWKitnm",23
2015-07-07 21:48:11,"House Every Weekend","David Zowie","House Every Weekend - David Zowie",NA,19
2015-07-07 21:21:55,"Don't Wanna Fight","Alabama Shakes","Don't Wanna Fight - Alabama Shakes","https://t.co/W1fdRGfVts",22
2015-07-07 21:14:25,"Let It Go","James Bay","Let It Go - James Bay","https://t.co/IvTH8ev32R",20
2015-07-07 21:06:09,"Pedestrian At Best","Courtney Barnett","Pedestrian At Best - Courtney Barnett","https://t.co/VH1qO224JN",21
2015-07-07 19:21:07,"Beautiful Life (Feat Action Bronson &Amp; Joey Bada$$)","Statik Selektah","Beautiful Life (Feat Action Bronson &Amp; Joey Bada$$) - Statik Selektah","https://t.co/oG1DKJUaDu",17
2015-07-07 18:47:21,"Don't","Bryson Tiller","Don't - Bryson Tiller","https://t.co/5aIpY2Oagv",18
2015-07-07 18:41:20,"Powerful (Feat. Ellie Goulding &Amp; Tarrus Riley)","Major Lazer","Powerful (Feat. Ellie Goulding &Amp; Tarrus Riley) - Major Lazer","https://t.co/qOE3XOAbGU",18
2015-07-07 18:19:36,"Dreams","Beck","Dreams - Beck","https://t.co/AyQGWKitnm",23
2015-07-07 18:12:05,"Trap Queen","Fetty Wap","Trap Queen - Fetty Wap","https://t.co/OWRc7c13Gg",21
2015-07-07 18:00:50,"Alright","Kendrick Lamar","Alright - Kendrick Lamar","https://t.co/8mQmxY8fws",23
2015-07-07 17:23:18,"We Run The Block","Bonkaz","We Run The Block - Bonkaz","https://t.co/SWxqsMit0g",18
2015-07-07 16:14:17,"Holding On (Feat. Sam Dew)","Julio Bashmore","Holding On (Feat. Sam Dew) - Julio Bashmore","https://t.co/xckvanF7PP",20
2015-07-07 16:04:31,"Dreams","Beck","Dreams - Beck","https://t.co/AyQGWKitnm",23
2015-07-07 15:39:45,"Little Monster","Royal Blood","Little Monster - Royal Blood","https://t.co/hoA22ruzAz",23
2015-07-07 14:50:14,"House Every Weekend","David Zowie","House Every Weekend - David Zowie",NA,19
2015-07-07 14:39:00,"Can't Feel My Face","The Weeknd","Can't Feel My Face - The Weeknd","https://t.co/q5jNrBLMdm",25
2015-07-07 14:30:44,"Where Are Ü Now (With Justin Bieber)","Skrillex &Amp; Diplo","Where Are Ü Now (With Justin Bieber) - Skrillex &Amp; Diplo","https://t.co/RPsSAlyXnw",22
2015-07-07 14:14:13,"Bad Blood (Feat. Kendrick Lamar)","Taylor Swift","Bad Blood (Feat. Kendrick Lamar) - Taylor Swift","https://t.co/JNWOYie7i2",20
2015-07-07 13:28:27,"Can't Feel My Face","The Weeknd","Can't Feel My Face - The Weeknd","https://t.co/q5jNrBLMdm",25
2015-07-07 12:53:11,"Holding On (Feat. Sam Dew)","Julio Bashmore","Holding On (Feat. Sam Dew) - Julio Bashmore","https://t.co/xckvanF7PP",20
2015-07-07 12:37:26,"Powerful (Feat. Ellie Goulding &Amp; Tarrus Riley)","Major Lazer","Powerful (Feat. Ellie Goulding &Amp; Tarrus Riley) - Major Lazer","https://t.co/qOE3XOAbGU",18
2015-07-07 12:04:25,"Good For You (Feat. A$Ap Rocky)","Selena Gomez","Good For You (Feat. A$Ap Rocky) - Selena Gomez","https://t.co/O0qUbiYdXK",20
2015-07-07 11:56:55,"Holding On (Feat. Gregory Porter)","Disclosure","Holding On (Feat. Gregory Porter) - Disclosure","https://t.co/A59KFhjiMB",21
2015-07-07 11:53:10,"House Every Weekend","David Zowie","House Every Weekend - David Zowie",NA,19
2015-07-07 10:45:38,"Don't Wanna Fight","Alabama Shakes","Don't Wanna Fight - Alabama Shakes","https://t.co/W1fdRGfVts",22
2015-07-07 10:35:08,"We Run The Block","Bonkaz","We Run The Block - Bonkaz","https://t.co/SWxqsMit0g",18
2015-07-07 10:21:38,"Little Monster","Royal Blood","Little Monster - Royal Blood","https://t.co/hoA22ruzAz",23
2015-07-07 10:06:36,"Holding On (Feat. Sam Dew)","Julio Bashmore","Holding On (Feat. Sam Dew) - Julio Bashmore","https://t.co/xckvanF7PP",20
2015-07-07 09:56:52,"Let It Go","James Bay","Let It Go - James Bay","https://t.co/IvTH8ev32R",20
2015-07-07 09:53:53,"Bad Blood (Feat. Kendrick Lamar)","Taylor Swift","Bad Blood (Feat. Kendrick Lamar) - Taylor Swift","https://t.co/JNWOYie7i2",20
2015-07-07 09:19:21,"Cha Cha","D.R.A.M.","Cha Cha - D.R.A.M.","https://t.co/y5x202RZhS",21
2015-07-07 09:12:36,"Alright","Kendrick Lamar","Alright - Kendrick Lamar","https://t.co/8mQmxY8fws",23
2015-07-07 09:02:49,"Don't Wanna Fight","Alabama Shakes","Don't Wanna Fight - Alabama Shakes","https://t.co/W1fdRGfVts",22
2015-07-07 08:49:21,"Where Are Ü Now (With Justin Bieber)","Skrillex &Amp; Diplo","Where Are Ü Now (With Justin Bieber) - Skrillex &Amp; Diplo","https://t.co/RPsSAlyXnw",22
2015-07-07 08:20:04,"We Run The Block","Bonkaz","We Run The Block - Bonkaz","https://t.co/SWxqsMit0g",18
2015-07-07 07:05:47,"Holding On (Feat. Sam Dew)","Julio Bashmore","Holding On (Feat. Sam Dew) - Julio Bashmore","https://t.co/xckvanF7PP",20
2015-07-07 06:48:32,"House Every Weekend","David Zowie","House Every Weekend - David Zowie",NA,19
2015-07-07 06:37:15,"Can't Feel My Face","The Weeknd","Can't Feel My Face - The Weeknd","https://t.co/q5jNrBLMdm",25
2015-07-07 06:29:00,"Where Are Ü Now (With Justin Bieber)","Skrillex &Amp; Diplo","Where Are Ü Now (With Justin Bieber) - Skrillex &Amp; Diplo","https://t.co/RPsSAlyXnw",22
2015-07-07 06:13:16,"Bad Blood (Feat. Kendrick Lamar)","Taylor Swift","Bad Blood (Feat. Kendrick Lamar) - Taylor Swift","https://t.co/JNWOYie7i2",20
2015-07-07 06:12:30,"Good For You (Feat. A$Ap Rocky)","Selena Gomez","Good For You (Feat. A$Ap Rocky) - Selena Gomez","https://t.co/O0qUbiYdXK",20
2015-07-07 05:20:44,"Where Are Ü Now (With Justin Bieber)","Skrillex &Amp; Diplo","Where Are Ü Now (With Justin Bieber) - Skrillex &Amp; Diplo","https://t.co/RPsSAlyXnw",22
2015-07-07 04:16:12,"Alright","Kendrick Lamar","Alright - Kendrick Lamar","https://t.co/8mQmxY8fws",23
2015-07-07 03:57:27,"Little Monster","Royal Blood","Little Monster - Royal Blood","https://t.co/hoA22ruzAz",23
2015-07-07 03:42:27,"House Every Weekend","David Zowie","House Every Weekend - David Zowie",NA,19
2015-07-07 03:19:11,"Powerful (Feat. Ellie Goulding &Amp; Tarrus Riley)","Major Lazer","Powerful (Feat. Ellie Goulding &Amp; Tarrus Riley) - Major Lazer","https://t.co/qOE3XOAbGU",18
2015-07-07 03:16:11,"Don't","Bryson Tiller","Don't - Bryson Tiller","https://t.co/5aIpY2Oagv",18
2015-07-07 03:05:40,"Trap Queen","Fetty Wap","Trap Queen - Fetty Wap","https://t.co/OWRc7c13Gg",21
2015-07-07 02:28:10,"Can't Feel My Face","The Weeknd","Can't Feel My Face - The Weeknd","https://t.co/q5jNrBLMdm",25
2015-07-07 01:06:23,"Let It Go","James Bay","Let It Go - James Bay","https://t.co/IvTH8ev32R",20
2015-07-07 01:03:23,"Freedom","Pharrell Williams","Freedom - Pharrell Williams","https://t.co/McCYQzuIcH",21
2015-07-07 00:48:23,"Pedestrian At Best","Courtney Barnett","Pedestrian At Best - Courtney Barnett","https://t.co/VH1qO224JN",21
2015-07-07 00:40:07,"Good For You (Feat. A$Ap Rocky)","Selena Gomez","Good For You (Feat. A$Ap Rocky) - Selena Gomez","https://t.co/O0qUbiYdXK",20
2015-07-07 00:01:05,"Holding On (Feat. Sam Dew)","Julio Bashmore","Holding On (Feat. Sam Dew) - Julio Bashmore","https://t.co/xckvanF7PP",20
2015-07-06 23:55:51,"Holding On (Feat. Gregory Porter)","Disclosure","Holding On (Feat. Gregory Porter) - Disclosure","https://t.co/A59KFhjiMB",21
2015-07-06 23:52:06,"House Every Weekend","David Zowie","House Every Weekend - David Zowie",NA,19
2015-07-06 23:13:50,"Beautiful Life (Feat Action Bronson &Amp; Joey Bada$$)","Statik Selektah","Beautiful Life (Feat Action Bronson &Amp; Joey Bada$$) - Statik Selektah","https://t.co/oG1DKJUaDu",17
2015-07-06 22:44:35,"Don't Wanna Fight","Alabama Shakes","Don't Wanna Fight - Alabama Shakes","https://t.co/W1fdRGfVts",22
2015-07-06 22:20:34,"Little Monster","Royal Blood","Little Monster - Royal Blood","https://t.co/hoA22ruzAz",23
2015-07-06 22:05:32,"Holding On (Feat. Sam Dew)","Julio Bashmore","Holding On (Feat. Sam Dew) - Julio Bashmore","https://t.co/xckvanF7PP",20
2015-07-06 21:40:02,"Bad Blood (Feat. Kendrick Lamar)","Taylor Swift","Bad Blood (Feat. Kendrick Lamar) - Taylor Swift","https://t.co/JNWOYie7i2",20
2015-07-06 21:22:02,"Can't Feel My Face","The Weeknd","Can't Feel My Face - The Weeknd","https://t.co/q5jNrBLMdm",25
2015-07-06 21:07:45,"Good For You (Feat. A$Ap Rocky)","Selena Gomez","Good For You (Feat. A$Ap Rocky) - Selena Gomez","https://t.co/O0qUbiYdXK",20
2015-07-06 21:03:15,"Cha Cha","D.R.A.M.","Cha Cha - D.R.A.M.","https://t.co/y5x202RZhS",21
2015-07-06 20:57:16,"Beautiful Life (Feat Action Bronson &Amp; Joey Bada$$)","Statik Selektah","Beautiful Life (Feat Action Bronson &Amp; Joey Bada$$) - Statik Selektah","https://t.co/oG1DKJUaDu",17
2015-07-06 20:49:47,"Where Are Ü Now (With Justin Bieber)","Skrillex &Amp; Diplo","Where Are Ü Now (With Justin Bieber) - Skrillex &Amp; Diplo","https://t.co/RPsSAlyXnw",22
2015-07-06 20:20:30,"We Run The Block","Bonkaz","We Run The Block - Bonkaz","https://t.co/SWxqsMit0g",18
2015-07-06 19:06:58,"Holding On (Feat. Sam Dew)","Julio Bashmore","Holding On (Feat. Sam Dew) - Julio Bashmore","https://t.co/xckvanF7PP",20
2015-07-06 18:37:43,"Pedestrian At Best","Courtney Barnett","Pedestrian At Best - Courtney Barnett","https://t.co/VH1qO224JN",21
2015-07-06 18:29:27,"Beautiful Life (Feat Action Bronson &Amp; Joey Bada$$)","Statik Selektah","Beautiful Life (Feat Action Bronson &Amp; Joey Bada$$) - Statik Selektah","https://t.co/oG1DKJUaDu",17
2015-07-06 18:26:27,"Powerful (Feat. Ellie Goulding &Amp; Tarrus Riley)","Major Lazer","Powerful (Feat. Ellie Goulding &Amp; Tarrus Riley) - Major Lazer","https://t.co/qOE3XOAbGU",18
2015-07-06 18:18:57,"Trap Queen","Fetty Wap","Trap Queen - Fetty Wap","https://t.co/OWRc7c13Gg",21
2015-07-06 17:22:39,"Where Are Ü Now (With Justin Bieber)","Skrillex &Amp; Diplo","Where Are Ü Now (With Justin Bieber) - Skrillex &Amp; Diplo","https://t.co/RPsSAlyXnw",22
2015-07-06 16:18:09,"Alright","Kendrick Lamar","Alright - Kendrick Lamar","https://t.co/8mQmxY8fws",23
2015-07-06 15:51:53,"Beautiful Life (Feat Action Bronson &Amp; Joey Bada$$)","Statik Selektah","Beautiful Life (Feat Action Bronson &Amp; Joey Bada$$) - Statik Selektah","https://t.co/oG1DKJUaDu",17
2015-07-06 15:45:52,"Don't Wanna Fight","Alabama Shakes","Don't Wanna Fight - Alabama Shakes","https://t.co/W1fdRGfVts",22
2015-07-06 15:30:51,"House Every Weekend","David Zowie","House Every Weekend - David Zowie",NA,19
2015-07-06 15:09:51,"Let It Go","James Bay","Let It Go - James Bay","https://t.co/IvTH8ev32R",20
2015-07-06 15:07:37,"Freedom","Pharrell Williams","Freedom - Pharrell Williams","https://t.co/McCYQzuIcH",21
2015-07-06 14:49:36,"Can't Feel My Face","The Weeknd","Can't Feel My Face - The Weeknd","https://t.co/q5jNrBLMdm",25
2015-07-06 14:45:51,"Where Are Ü Now (With Justin Bieber)","Skrillex &Amp; Diplo","Where Are Ü Now (With Justin Bieber) - Skrillex &Amp; Diplo","https://t.co/RPsSAlyXnw",22
2015-07-06 14:27:49,"Bad Blood (Feat. Kendrick Lamar)","Taylor Swift","Bad Blood (Feat. Kendrick Lamar) - Taylor Swift","https://t.co/JNWOYie7i2",20
2015-07-06 14:23:21,"Trap Queen","Fetty Wap","Trap Queen - Fetty Wap","https://t.co/OWRc7c13Gg",21
2015-07-06 14:20:20,"Good For You (Feat. A$Ap Rocky)","Selena Gomez","Good For You (Feat. A$Ap Rocky) - Selena Gomez","https://t.co/O0qUbiYdXK",20
2015-07-06 12:46:33,"Where Are Ü Now (With Justin Bieber)","Skrillex &Amp; Diplo","Where Are Ü Now (With Justin Bieber) - Skrillex &Amp; Diplo","https://t.co/RPsSAlyXnw",22
2015-07-06 12:23:17,"Holding On (Feat. Gregory Porter)","Disclosure","Holding On (Feat. Gregory Porter) - Disclosure","https://t.co/A59KFhjiMB",21
2015-07-06 12:12:46,"Don't","Bryson Tiller","Don't - Bryson Tiller","https://t.co/5aIpY2Oagv",18
2015-07-06 12:01:32,"We Run The Block","Bonkaz","We Run The Block - Bonkaz","https://t.co/SWxqsMit0g",18
2015-07-06 11:54:02,"Holding On (Feat. Sam Dew)","Julio Bashmore","Holding On (Feat. Sam Dew) - Julio Bashmore","https://t.co/xckvanF7PP",20
2015-07-06 11:39:45,"Trap Queen","Fetty Wap","Trap Queen - Fetty Wap","https://t.co/OWRc7c13Gg",21
2015-07-06 11:23:16,"Powerful (Feat. Ellie Goulding &Amp; Tarrus Riley)","Major Lazer","Powerful (Feat. Ellie Goulding &Amp; Tarrus Riley) - Major Lazer","https://t.co/qOE3XOAbGU",18
2015-07-06 11:09:02,"Dreams","Beck","Dreams - Beck","https://t.co/AyQGWKitnm",23
2015-07-06 11:00:00,"Can't Feel My Face","The Weeknd","Can't Feel My Face - The Weeknd","https://t.co/q5jNrBLMdm",25
2015-07-06 10:51:44,"Bad Blood (Feat. Kendrick Lamar)","Taylor Swift","Bad Blood (Feat. Kendrick Lamar) - Taylor Swift","https://t.co/JNWOYie7i2",20
2015-07-06 10:48:00,"Pedestrian At Best","Courtney Barnett","Pedestrian At Best - Courtney Barnett","https://t.co/VH1qO224JN",21
2015-07-06 10:38:13,"Little Monster","Royal Blood","Little Monster - Royal Blood","https://t.co/hoA22ruzAz",23
2015-07-06 10:33:43,"Cha Cha","D.R.A.M.","Cha Cha - D.R.A.M.","https://t.co/y5x202RZhS",21
2015-07-06 09:40:29,"Don't Wanna Fight","Alabama Shakes","Don't Wanna Fight - Alabama Shakes","https://t.co/W1fdRGfVts",22
2015-07-06 09:37:28,"Good For You (Feat. A$Ap Rocky)","Selena Gomez","Good For You (Feat. A$Ap Rocky) - Selena Gomez","https://t.co/O0qUbiYdXK",20
2015-07-06 09:02:56,"Let It Go","James Bay","Let It Go - James Bay","https://t.co/IvTH8ev32R",20
2015-07-06 09:00:41,"Freedom","Pharrell Williams","Freedom - Pharrell Williams","https://t.co/McCYQzuIcH",21
2015-07-06 08:13:26,"Alright","Kendrick Lamar","Alright - Kendrick Lamar","https://t.co/8mQmxY8fws",23
2015-07-06 06:42:37,"Can't Feel My Face","The Weeknd","Can't Feel My Face - The Weeknd","https://t.co/q5jNrBLMdm",25
2015-07-06 06:17:07,"Bad Blood (Feat. Kendrick Lamar)","Taylor Swift","Bad Blood (Feat. Kendrick Lamar) - Taylor Swift","https://t.co/JNWOYie7i2",20
2015-07-06 06:12:38,"Trap Queen","Fetty Wap","Trap Queen - Fetty Wap","https://t.co/OWRc7c13Gg",21
2015-07-06 06:10:22,"Good For You (Feat. A$Ap Rocky)","Selena Gomez","Good For You (Feat. A$Ap Rocky) - Selena Gomez","https://t.co/O0qUbiYdXK",20
2015-07-06 05:37:20,"Pedestrian At Best","Courtney Barnett","Pedestrian At Best - Courtney Barnett","https://t.co/VH1qO224JN",21
2015-07-06 04:48:35,"Don't Wanna Fight","Alabama Shakes","Don't Wanna Fight - Alabama Shakes","https://t.co/W1fdRGfVts",22
2015-07-06 04:32:04,"Dreams","Beck","Dreams - Beck","https://t.co/AyQGWKitnm",23
2015-07-06 02:55:17,"Can't Feel My Face","The Weeknd","Can't Feel My Face - The Weeknd","https://t.co/q5jNrBLMdm",25
2015-07-06 02:38:47,"Pedestrian At Best","Courtney Barnett","Pedestrian At Best - Courtney Barnett","https://t.co/VH1qO224JN",21
2015-07-06 02:35:48,"Bad Blood (Feat. Kendrick Lamar)","Taylor Swift","Bad Blood (Feat. Kendrick Lamar) - Taylor Swift","https://t.co/JNWOYie7i2",20
2015-07-06 02:17:46,"Alright","Kendrick Lamar","Alright - Kendrick Lamar","https://t.co/8mQmxY8fws",23
2015-07-06 02:14:46,"Trap Queen","Fetty Wap","Trap Queen - Fetty Wap","https://t.co/OWRc7c13Gg",21
2015-07-06 00:57:28,"We Run The Block","Bonkaz","We Run The Block - Bonkaz","https://t.co/SWxqsMit0g",18
2015-07-06 00:51:28,"Where Are Ü Now (With Justin Bieber)","Skrillex &Amp; Diplo","Where Are Ü Now (With Justin Bieber) - Skrillex &Amp; Diplo","https://t.co/RPsSAlyXnw",22
2015-07-06 00:38:43,"Don't","Bryson Tiller","Don't - Bryson Tiller","https://t.co/5aIpY2Oagv",18
2015-07-06 00:28:58,"Don't Wanna Fight","Alabama Shakes","Don't Wanna Fight - Alabama Shakes","https://t.co/W1fdRGfVts",22
2015-07-06 00:20:43,"Let It Go","James Bay","Let It Go - James Bay","https://t.co/IvTH8ev32R",20
2015-07-06 00:01:12,"Holding On (Feat. Sam Dew)","Julio Bashmore","Holding On (Feat. Sam Dew) - Julio Bashmore","https://t.co/xckvanF7PP",20
2015-07-05 23:40:12,"Trap Queen","Fetty Wap","Trap Queen - Fetty Wap","https://t.co/OWRc7c13Gg",21
2015-07-05 23:23:40,"Powerful (Feat. Ellie Goulding &Amp; Tarrus Riley)","Major Lazer","Powerful (Feat. Ellie Goulding &Amp; Tarrus Riley) - Major Lazer","https://t.co/qOE3XOAbGU",18
2015-07-05 23:09:26,"Dreams","Beck","Dreams - Beck","https://t.co/AyQGWKitnm",23
2015-07-05 22:59:40,"Can't Feel My Face","The Weeknd","Can't Feel My Face - The Weeknd","https://t.co/q5jNrBLMdm",25
2015-07-05 22:52:11,"Bad Blood (Feat. Kendrick Lamar)","Taylor Swift","Bad Blood (Feat. Kendrick Lamar) - Taylor Swift","https://t.co/JNWOYie7i2",20
2015-07-05 22:48:26,"Pedestrian At Best","Courtney Barnett","Pedestrian At Best - Courtney Barnett","https://t.co/VH1qO224JN",21
2015-07-05 22:38:39,"Little Monster","Royal Blood","Little Monster - Royal Blood","https://t.co/hoA22ruzAz",23
2015-07-05 22:34:10,"Cha Cha","D.R.A.M.","Cha Cha - D.R.A.M.","https://t.co/y5x202RZhS",21
2015-07-05 21:06:22,"Holding On (Feat. Gregory Porter)","Disclosure","Holding On (Feat. Gregory Porter) - Disclosure","https://t.co/A59KFhjiMB",21
2015-07-05 21:02:37,"Cha Cha","D.R.A.M.","Cha Cha - D.R.A.M.","https://t.co/y5x202RZhS",21
2015-07-05 20:15:20,"Alright","Kendrick Lamar","Alright - Kendrick Lamar","https://t.co/8mQmxY8fws",23
2015-07-05 18:55:50,"Little Monster","Royal Blood","Little Monster - Royal Blood","https://t.co/hoA22ruzAz",23
2015-07-05 18:52:03,"Good For You (Feat. A$Ap Rocky)","Selena Gomez","Good For You (Feat. A$Ap Rocky) - Selena Gomez","https://t.co/O0qUbiYdXK",20
2015-07-05 18:44:33,"We Run The Block","Bonkaz","We Run The Block - Bonkaz","https://t.co/SWxqsMit0g",18
2015-07-05 18:22:49,"Let It Go","James Bay","Let It Go - James Bay","https://t.co/IvTH8ev32R",20
2015-07-05 18:19:03,"Where Are Ü Now (With Justin Bieber)","Skrillex &Amp; Diplo","Where Are Ü Now (With Justin Bieber) - Skrillex &Amp; Diplo","https://t.co/RPsSAlyXnw",22
2015-07-05 18:13:48,"House Every Weekend","David Zowie","House Every Weekend - David Zowie",NA,19
2015-07-05 18:00:18,"Holding On (Feat. Sam Dew)","Julio Bashmore","Holding On (Feat. Sam Dew) - Julio Bashmore","https://t.co/xckvanF7PP",20
2015-07-05 17:13:46,"Cha Cha","D.R.A.M.","Cha Cha - D.R.A.M.","https://t.co/y5x202RZhS",21
2015-07-05 16:12:14,"Alright","Kendrick Lamar","Alright - Kendrick Lamar","https://t.co/8mQmxY8fws",23
2015-07-05 15:49:00,"Trap Queen","Fetty Wap","Trap Queen - Fetty Wap","https://t.co/OWRc7c13Gg",21
2015-07-05 15:36:59,"Holding On (Feat. Gregory Porter)","Disclosure","Holding On (Feat. Gregory Porter) - Disclosure","https://t.co/A59KFhjiMB",21
2015-07-05 15:24:59,"Can't Feel My Face","The Weeknd","Can't Feel My Face - The Weeknd","https://t.co/q5jNrBLMdm",25
2015-07-05 15:18:14,"Freedom","Pharrell Williams","Freedom - Pharrell Williams","https://t.co/McCYQzuIcH",21
2015-07-05 15:11:28,"Don't","Bryson Tiller","Don't - Bryson Tiller","https://t.co/5aIpY2Oagv",18
2015-07-05 14:48:59,"Dreams","Beck","Dreams - Beck","https://t.co/AyQGWKitnm",23
2015-07-05 12:52:40,"Little Monster","Royal Blood","Little Monster - Royal Blood","https://t.co/hoA22ruzAz",23
2015-07-05 12:24:08,"Let It Go","James Bay","Let It Go - James Bay","https://t.co/IvTH8ev32R",20
2015-07-05 12:10:38,"Holding On (Feat. Sam Dew)","Julio Bashmore","Holding On (Feat. Sam Dew) - Julio Bashmore","https://t.co/xckvanF7PP",20
2015-07-05 12:06:53,"Pedestrian At Best","Courtney Barnett","Pedestrian At Best - Courtney Barnett","https://t.co/VH1qO224JN",21
2015-07-05 09:58:35,"Trap Queen","Fetty Wap","Trap Queen - Fetty Wap","https://t.co/OWRc7c13Gg",21
2015-07-05 09:52:36,"Powerful (Feat. Ellie Goulding &Amp; Tarrus Riley)","Major Lazer","Powerful (Feat. Ellie Goulding &Amp; Tarrus Riley) - Major Lazer","https://t.co/qOE3XOAbGU",18
2015-07-05 09:41:21,"Can't Feel My Face","The Weeknd","Can't Feel My Face - The Weeknd","https://t.co/q5jNrBLMdm",25
2015-07-05 09:29:20,"Holding On (Feat. Gregory Porter)","Disclosure","Holding On (Feat. Gregory Porter) - Disclosure","https://t.co/A59KFhjiMB",21
2015-07-05 09:06:04,"Bad Blood (Feat. Kendrick Lamar)","Taylor Swift","Bad Blood (Feat. Kendrick Lamar) - Taylor Swift","https://t.co/JNWOYie7i2",20
2015-07-05 09:03:04,"Cha Cha","D.R.A.M.","Cha Cha - D.R.A.M.","https://t.co/y5x202RZhS",21
2015-07-05 07:28:32,"Where Are Ü Now (With Justin Bieber)","Skrillex &Amp; Diplo","Where Are Ü Now (With Justin Bieber) - Skrillex &Amp; Diplo","https://t.co/RPsSAlyXnw",22
2015-07-05 03:20:56,"Cha Cha","D.R.A.M.","Cha Cha - D.R.A.M.","https://t.co/y5x202RZhS",21
2015-07-05 00:57:36,"Don't","Bryson Tiller","Don't - Bryson Tiller","https://t.co/5aIpY2Oagv",18
2015-07-05 00:53:51,"Pedestrian At Best","Courtney Barnett","Pedestrian At Best - Courtney Barnett","https://t.co/VH1qO224JN",21
2015-07-05 00:50:06,"Where Are Ü Now (With Justin Bieber)","Skrillex &Amp; Diplo","Where Are Ü Now (With Justin Bieber) - Skrillex &Amp; Diplo","https://t.co/RPsSAlyXnw",22
2015-07-05 00:42:35,"Let It Go","James Bay","Let It Go - James Bay","https://t.co/IvTH8ev32R",20
2015-07-04 21:59:02,"House Every Weekend","David Zowie","House Every Weekend - David Zowie",NA,19
2015-07-04 21:52:16,"Little Monster","Royal Blood","Little Monster - Royal Blood","https://t.co/hoA22ruzAz",23
2015-07-04 21:19:15,"Bad Blood (Feat. Kendrick Lamar)","Taylor Swift","Bad Blood (Feat. Kendrick Lamar) - Taylor Swift","https://t.co/JNWOYie7i2",20
2015-07-04 21:11:46,"Powerful (Feat. Ellie Goulding &Amp; Tarrus Riley)","Major Lazer","Powerful (Feat. Ellie Goulding &Amp; Tarrus Riley) - Major Lazer","https://t.co/qOE3XOAbGU",18
2015-07-04 21:04:15,"Can't Feel My Face","The Weeknd","Can't Feel My Face - The Weeknd","https://t.co/q5jNrBLMdm",25
2015-07-04 20:59:44,"Cha Cha","D.R.A.M.","Cha Cha - D.R.A.M.","https://t.co/y5x202RZhS",21
2015-07-04 20:55:59,"Little Monster","Royal Blood","Little Monster - Royal Blood","https://t.co/hoA22ruzAz",23
2015-07-04 20:55:14,"Dreams","Beck","Dreams - Beck","https://t.co/AyQGWKitnm",23
2015-07-04 18:51:27,"Trap Queen","Fetty Wap","Trap Queen - Fetty Wap","https://t.co/OWRc7c13Gg",21
2015-07-04 18:46:57,"Dreams","Beck","Dreams - Beck","https://t.co/AyQGWKitnm",23
2015-07-04 18:38:42,"Good For You (Feat. A$Ap Rocky)","Selena Gomez","Good For You (Feat. A$Ap Rocky) - Selena Gomez","https://t.co/O0qUbiYdXK",20
2015-07-04 18:34:55,"Pedestrian At Best","Courtney Barnett","Pedestrian At Best - Courtney Barnett","https://t.co/VH1qO224JN",21
2015-07-04 18:24:26,"Holding On (Feat. Gregory Porter)","Disclosure","Holding On (Feat. Gregory Porter) - Disclosure","https://t.co/A59KFhjiMB",21
2015-07-04 18:16:55,"Let It Go","James Bay","Let It Go - James Bay","https://t.co/IvTH8ev32R",20
2015-07-04 16:27:23,"Where Are Ü Now (With Justin Bieber)","Skrillex &Amp; Diplo","Where Are Ü Now (With Justin Bieber) - Skrillex &Amp; Diplo","https://t.co/RPsSAlyXnw",22
2015-07-04 15:45:21,"House Every Weekend","David Zowie","House Every Weekend - David Zowie",NA,19
2015-07-04 15:35:37,"Can't Feel My Face","The Weeknd","Can't Feel My Face - The Weeknd","https://t.co/q5jNrBLMdm",25
2015-07-04 15:03:21,"Don't Wanna Fight","Alabama Shakes","Don't Wanna Fight - Alabama Shakes","https://t.co/W1fdRGfVts",22
2015-07-04 14:50:35,"Little Monster","Royal Blood","Little Monster - Royal Blood","https://t.co/hoA22ruzAz",23
2015-07-04 12:49:02,"Holding On (Feat. Gregory Porter)","Disclosure","Holding On (Feat. Gregory Porter) - Disclosure","https://t.co/A59KFhjiMB",21
2015-07-04 12:45:17,"Pedestrian At Best","Courtney Barnett","Pedestrian At Best - Courtney Barnett","https://t.co/VH1qO224JN",21
2015-07-04 12:37:46,"Let It Go","James Bay","Let It Go - James Bay","https://t.co/IvTH8ev32R",20
2015-07-04 12:10:02,"Dreams","Beck","Dreams - Beck","https://t.co/AyQGWKitnm",23
2015-07-04 12:06:16,"Trap Queen","Fetty Wap","Trap Queen - Fetty Wap","https://t.co/OWRc7c13Gg",21
2015-07-04 12:01:47,"Holding On (Feat. Sam Dew)","Julio Bashmore","Holding On (Feat. Sam Dew) - Julio Bashmore","https://t.co/xckvanF7PP",20
2015-07-04 11:25:01,"Holding On (Feat. Gregory Porter)","Disclosure","Holding On (Feat. Gregory Porter) - Disclosure","https://t.co/A59KFhjiMB",21
2015-07-04 09:54:12,"Little Monster","Royal Blood","Little Monster - Royal Blood","https://t.co/hoA22ruzAz",23
2015-07-04 09:45:13,"Don't Wanna Fight","Alabama Shakes","Don't Wanna Fight - Alabama Shakes","https://t.co/W1fdRGfVts",22
2015-07-04 09:33:57,"Let It Go","James Bay","Let It Go - James Bay","https://t.co/IvTH8ev32R",20
2015-07-04 09:10:42,"Beautiful Life (Feat Action Bronson &Amp; Joey Bada$$)","Statik Selektah","Beautiful Life (Feat Action Bronson &Amp; Joey Bada$$) - Statik Selektah","https://t.co/oG1DKJUaDu",17
2015-07-04 09:03:59,"We Run The Block","Bonkaz","We Run The Block - Bonkaz","https://t.co/SWxqsMit0g",18
2015-07-04 09:00:57,"Can't Feel My Face","The Weeknd","Can't Feel My Face - The Weeknd","https://t.co/q5jNrBLMdm",25
2015-07-04 08:41:25,"We Run The Block","Bonkaz","We Run The Block - Bonkaz","https://t.co/SWxqsMit0g",18
2015-07-04 08:36:56,"Holding On (Feat. Gregory Porter)","Disclosure","Holding On (Feat. Gregory Porter) - Disclosure","https://t.co/A59KFhjiMB",21
2015-07-04 08:29:25,"Freedom","Pharrell Williams","Freedom - Pharrell Williams","https://t.co/McCYQzuIcH",21
2015-07-04 08:00:10,"Powerful (Feat. Ellie Goulding &Amp; Tarrus Riley)","Major Lazer","Powerful (Feat. Ellie Goulding &Amp; Tarrus Riley) - Major Lazer","https://t.co/qOE3XOAbGU",18
2015-07-04 07:29:25,"Alright","Kendrick Lamar","Alright - Kendrick Lamar","https://t.co/8mQmxY8fws",23
2015-07-04 07:20:24,"Cha Cha","D.R.A.M.","Cha Cha - D.R.A.M.","https://t.co/y5x202RZhS",21
2015-07-04 07:15:53,"House Every Weekend","David Zowie","House Every Weekend - David Zowie",NA,19
2015-07-04 07:08:24,"Can't Feel My Face","The Weeknd","Can't Feel My Face - The Weeknd","https://t.co/q5jNrBLMdm",25
2015-07-04 07:03:55,"Dreams","Beck","Dreams - Beck","https://t.co/AyQGWKitnm",23
2015-07-04 05:49:36,"House Every Weekend","David Zowie","House Every Weekend - David Zowie",NA,19
2015-07-04 05:10:37,"Can't Feel My Face","The Weeknd","Can't Feel My Face - The Weeknd","https://t.co/q5jNrBLMdm",25
2015-07-04 05:04:35,"Holding On (Feat. Gregory Porter)","Disclosure","Holding On (Feat. Gregory Porter) - Disclosure","https://t.co/A59KFhjiMB",21
2015-07-04 04:51:04,"Holding On (Feat. Sam Dew)","Julio Bashmore","Holding On (Feat. Sam Dew) - Julio Bashmore","https://t.co/xckvanF7PP",20
2015-07-04 04:38:19,"Cha Cha","D.R.A.M.","Cha Cha - D.R.A.M.","https://t.co/y5x202RZhS",21
2015-07-04 00:49:29,"Don't Wanna Fight","Alabama Shakes","Don't Wanna Fight - Alabama Shakes","https://t.co/W1fdRGfVts",22
2015-07-04 00:38:13,"Let It Go","James Bay","Let It Go - James Bay","https://t.co/IvTH8ev32R",20
2015-07-04 00:15:43,"Beautiful Life (Feat Action Bronson &Amp; Joey Bada$$)","Statik Selektah","Beautiful Life (Feat Action Bronson &Amp; Joey Bada$$) - Statik Selektah","https://t.co/oG1DKJUaDu",17
2015-07-04 00:09:43,"Powerful (Feat. Ellie Goulding &Amp; Tarrus Riley)","Major Lazer","Powerful (Feat. Ellie Goulding &Amp; Tarrus Riley) - Major Lazer","https://t.co/qOE3XOAbGU",18
2015-07-04 00:05:58,"We Run The Block","Bonkaz","We Run The Block - Bonkaz","https://t.co/SWxqsMit0g",18
2015-07-04 00:02:12,"Can't Feel My Face","The Weeknd","Can't Feel My Face - The Weeknd","https://t.co/q5jNrBLMdm",25
2015-07-03 23:59:12,"Freedom","Pharrell Williams","Freedom - Pharrell Williams","https://t.co/McCYQzuIcH",21
2015-07-03 23:22:27,"Holding On (Feat. Gregory Porter)","Disclosure","Holding On (Feat. Gregory Porter) - Disclosure","https://t.co/A59KFhjiMB",21
2015-07-03 21:38:53,"Where Are Ü Now (With Justin Bieber)","Skrillex &Amp; Diplo","Where Are Ü Now (With Justin Bieber) - Skrillex &Amp; Diplo","https://t.co/RPsSAlyXnw",22
2015-07-03 21:30:38,"Beautiful Life (Feat Action Bronson &Amp; Joey Bada$$)","Statik Selektah","Beautiful Life (Feat Action Bronson &Amp; Joey Bada$$) - Statik Selektah","https://t.co/oG1DKJUaDu",17
2015-07-03 21:14:52,"Pedestrian At Best","Courtney Barnett","Pedestrian At Best - Courtney Barnett","https://t.co/VH1qO224JN",21
2015-07-03 21:05:52,"Little Monster","Royal Blood","Little Monster - Royal Blood","https://t.co/hoA22ruzAz",23
2015-07-03 20:42:36,"We Run The Block","Bonkaz","We Run The Block - Bonkaz","https://t.co/SWxqsMit0g",18
2015-07-03 20:37:22,"Holding On (Feat. Gregory Porter)","Disclosure","Holding On (Feat. Gregory Porter) - Disclosure","https://t.co/A59KFhjiMB",21
2015-07-03 20:30:36,"Freedom","Pharrell Williams","Freedom - Pharrell Williams","https://t.co/McCYQzuIcH",21
2015-07-03 20:01:21,"Powerful (Feat. Ellie Goulding &Amp; Tarrus Riley)","Major Lazer","Powerful (Feat. Ellie Goulding &Amp; Tarrus Riley) - Major Lazer","https://t.co/qOE3XOAbGU",18
2015-07-03 19:29:51,"Alright","Kendrick Lamar","Alright - Kendrick Lamar","https://t.co/8mQmxY8fws",23
2015-07-03 19:21:34,"Cha Cha","D.R.A.M.","Cha Cha - D.R.A.M.","https://t.co/y5x202RZhS",21
2015-07-03 19:14:04,"House Every Weekend","David Zowie","House Every Weekend - David Zowie",NA,19
2015-07-03 19:09:34,"Can't Feel My Face","The Weeknd","Can't Feel My Face - The Weeknd","https://t.co/q5jNrBLMdm",25
2015-07-03 19:05:05,"Dreams","Beck","Dreams - Beck","https://t.co/AyQGWKitnm",23
2015-07-03 18:56:04,"Beautiful Life (Feat Action Bronson &Amp; Joey Bada$$)","Statik Selektah","Beautiful Life (Feat Action Bronson &Amp; Joey Bada$$) - Statik Selektah","https://t.co/oG1DKJUaDu",17
2015-07-03 17:23:03,"Alright","Kendrick Lamar","Alright - Kendrick Lamar","https://t.co/8mQmxY8fws",23
2015-07-03 16:50:00,"Little Monster","Royal Blood","Little Monster - Royal Blood","https://t.co/hoA22ruzAz",23
2015-07-03 16:43:15,"Freedom","Pharrell Williams","Freedom - Pharrell Williams","https://t.co/McCYQzuIcH",21
2015-07-03 16:26:00,"Holding On (Feat. Sam Dew)","Julio Bashmore","Holding On (Feat. Sam Dew) - Julio Bashmore","https://t.co/xckvanF7PP",20
2015-07-03 16:16:14,"Holding On (Feat. Gregory Porter)","Disclosure","Holding On (Feat. Gregory Porter) - Disclosure","https://t.co/A59KFhjiMB",21
2015-07-03 14:42:56,"Can't Feel My Face","The Weeknd","Can't Feel My Face - The Weeknd","https://t.co/q5jNrBLMdm",25
2015-07-03 12:49:53,"Don't","Bryson Tiller","Don't - Bryson Tiller","https://t.co/5aIpY2Oagv",18
2015-07-03 12:27:53,"Powerful (Feat. Ellie Goulding &Amp; Tarrus Riley)","Major Lazer","Powerful (Feat. Ellie Goulding &Amp; Tarrus Riley) - Major Lazer","https://t.co/qOE3XOAbGU",18
2015-07-03 12:22:52,"House Every Weekend","David Zowie","House Every Weekend - David Zowie",NA,19
2015-07-03 12:19:52,"Good For You (Feat. A$Ap Rocky)","Selena Gomez","Good For You (Feat. A$Ap Rocky) - Selena Gomez","https://t.co/O0qUbiYdXK",20
2015-07-03 12:11:52,"Trap Queen","Fetty Wap","Trap Queen - Fetty Wap","https://t.co/OWRc7c13Gg",21
2015-07-03 12:04:52,"Where Are Ü Now (With Justin Bieber)","Skrillex &Amp; Diplo","Where Are Ü Now (With Justin Bieber) - Skrillex &Amp; Diplo","https://t.co/RPsSAlyXnw",22
2015-07-03 10:30:49,"Where Are Ü Now (With Justin Bieber)","Skrillex &Amp; Diplo","Where Are Ü Now (With Justin Bieber) - Skrillex &Amp; Diplo","https://t.co/RPsSAlyXnw",22
2015-07-03 09:38:49,"Don't Wanna Fight","Alabama Shakes","Don't Wanna Fight - Alabama Shakes","https://t.co/W1fdRGfVts",22
2015-07-03 09:00:47,"Let It Go","James Bay","Let It Go - James Bay","https://t.co/IvTH8ev32R",20
2015-07-03 08:42:48,"Holding On (Feat. Sam Dew)","Julio Bashmore","Holding On (Feat. Sam Dew) - Julio Bashmore","https://t.co/xckvanF7PP",20
2015-07-03 08:05:46,"Holding On (Feat. Gregory Porter)","Disclosure","Holding On (Feat. Gregory Porter) - Disclosure","https://t.co/A59KFhjiMB",21
2015-07-03 07:29:45,"Cha Cha","D.R.A.M.","Cha Cha - D.R.A.M.","https://t.co/y5x202RZhS",21
2015-07-03 06:23:43,"Bad Blood (Feat. Kendrick Lamar)","Taylor Swift","Bad Blood (Feat. Kendrick Lamar) - Taylor Swift","https://t.co/JNWOYie7i2",20
2015-07-03 05:26:43,"Dreams","Beck","Dreams - Beck","https://t.co/AyQGWKitnm",23
2015-07-03 04:55:41,"Don't","Bryson Tiller","Don't - Bryson Tiller","https://t.co/5aIpY2Oagv",18
2015-07-03 04:25:41,"Freedom","Pharrell Williams","Freedom - Pharrell Williams","https://t.co/McCYQzuIcH",21
2015-07-03 03:47:40,"Good For You (Feat. A$Ap Rocky)","Selena Gomez","Good For You (Feat. A$Ap Rocky) - Selena Gomez","https://t.co/O0qUbiYdXK",20
2015-07-03 03:16:40,"Freedom","Pharrell Williams","Freedom - Pharrell Williams","https://t.co/McCYQzuIcH",21
2015-07-03 03:10:40,"Pedestrian At Best","Courtney Barnett","Pedestrian At Best - Courtney Barnett","https://t.co/VH1qO224JN",21
2015-07-03 03:03:39,"Powerful (Feat. Ellie Goulding &Amp; Tarrus Riley)","Major Lazer","Powerful (Feat. Ellie Goulding &Amp; Tarrus Riley) - Major Lazer","https://t.co/qOE3XOAbGU",18
2015-07-03 03:00:40,"Holding On (Feat. Sam Dew)","Julio Bashmore","Holding On (Feat. Sam Dew) - Julio Bashmore","https://t.co/xckvanF7PP",20
2015-07-03 01:17:36,"Alright","Kendrick Lamar","Alright - Kendrick Lamar","https://t.co/8mQmxY8fws",23
2015-07-03 01:13:37,"Dreams","Beck","Dreams - Beck","https://t.co/AyQGWKitnm",23
2015-07-03 01:00:36,"Cha Cha","D.R.A.M.","Cha Cha - D.R.A.M.","https://t.co/y5x202RZhS",21
2015-07-03 00:36:35,"Trap Queen","Fetty Wap","Trap Queen - Fetty Wap","https://t.co/OWRc7c13Gg",21
2015-07-02 22:00:32,"Beautiful Life (Feat Action Bronson &Amp; Joey Bada$$)","Statik Selektah","Beautiful Life (Feat Action Bronson &Amp; Joey Bada$$) - Statik Selektah","https://t.co/oG1DKJUaDu",17
2015-07-02 21:48:31,"Little Monster","Royal Blood","Little Monster - Royal Blood","https://t.co/hoA22ruzAz",23
2015-07-02 21:37:31,"We Run The Block","Bonkaz","We Run The Block - Bonkaz","https://t.co/SWxqsMit0g",18
2015-07-02 21:16:30,"House Every Weekend","David Zowie","House Every Weekend - David Zowie",NA,19
2015-07-02 21:12:31,"Good For You (Feat. A$Ap Rocky)","Selena Gomez","Good For You (Feat. A$Ap Rocky) - Selena Gomez","https://t.co/O0qUbiYdXK",20
2015-07-02 21:05:29,"Bad Blood (Feat. Kendrick Lamar)","Taylor Swift","Bad Blood (Feat. Kendrick Lamar) - Taylor Swift","https://t.co/JNWOYie7i2",20
2015-07-02 21:03:29,"Freedom","Pharrell Williams","Freedom - Pharrell Williams","https://t.co/McCYQzuIcH",21
2015-07-02 20:43:29,"Holding On (Feat. Sam Dew)","Julio Bashmore","Holding On (Feat. Sam Dew) - Julio Bashmore","https://t.co/xckvanF7PP",20
2015-07-02 20:07:29,"Holding On (Feat. Gregory Porter)","Disclosure","Holding On (Feat. Gregory Porter) - Disclosure","https://t.co/A59KFhjiMB",21
2015-07-02 19:30:29,"Cha Cha","D.R.A.M.","Cha Cha - D.R.A.M.","https://t.co/y5x202RZhS",21
2015-07-02 18:57:27,"Don't Wanna Fight","Alabama Shakes","Don't Wanna Fight - Alabama Shakes","https://t.co/W1fdRGfVts",22
2015-07-02 18:39:27,"Let It Go","James Bay","Let It Go - James Bay","https://t.co/IvTH8ev32R",20
2015-07-02 18:10:24,"Pedestrian At Best","Courtney Barnett","Pedestrian At Best - Courtney Barnett","https://t.co/VH1qO224JN",21
2015-07-02 17:29:23,"Dreams","Beck","Dreams - Beck","https://t.co/AyQGWKitnm",23
2015-07-02 16:58:23,"Don't","Bryson Tiller","Don't - Bryson Tiller","https://t.co/5aIpY2Oagv",18
2015-07-02 16:27:22,"Freedom","Pharrell Williams","Freedom - Pharrell Williams","https://t.co/McCYQzuIcH",21
2015-07-02 15:32:22,"Holding On (Feat. Gregory Porter)","Disclosure","Holding On (Feat. Gregory Porter) - Disclosure","https://t.co/A59KFhjiMB",21
2015-07-02 15:25:20,"Bad Blood (Feat. Kendrick Lamar)","Taylor Swift","Bad Blood (Feat. Kendrick Lamar) - Taylor Swift","https://t.co/JNWOYie7i2",20
2015-07-02 15:17:21,"Dreams","Beck","Dreams - Beck","https://t.co/AyQGWKitnm",23
2015-07-02 15:09:20,"Trap Queen","Fetty Wap","Trap Queen - Fetty Wap","https://t.co/OWRc7c13Gg",21
2015-07-02 15:00:20,"Cha Cha","D.R.A.M.","Cha Cha - D.R.A.M.","https://t.co/y5x202RZhS",21
2015-07-02 14:18:20,"Good For You (Feat. A$Ap Rocky)","Selena Gomez","Good For You (Feat. A$Ap Rocky) - Selena Gomez","https://t.co/O0qUbiYdXK",20
2015-07-02 12:53:18,"Don't Wanna Fight","Alabama Shakes","Don't Wanna Fight - Alabama Shakes","https://t.co/W1fdRGfVts",22
2015-07-02 12:43:18,"We Run The Block","Bonkaz","We Run The Block - Bonkaz","https://t.co/SWxqsMit0g",18
2015-07-02 12:40:17,"Let It Go","James Bay","Let It Go - James Bay","https://t.co/IvTH8ev32R",20
2015-07-02 12:27:16,"Good For You (Feat. A$Ap Rocky)","Selena Gomez","Good For You (Feat. A$Ap Rocky) - Selena Gomez","https://t.co/O0qUbiYdXK",20
2015-07-02 12:00:16,"Beautiful Life (Feat Action Bronson &Amp; Joey Bada$$)","Statik Selektah","Beautiful Life (Feat Action Bronson &Amp; Joey Bada$$) - Statik Selektah","https://t.co/oG1DKJUaDu",17
2015-07-02 10:56:13,"Freedom","Pharrell Williams","Freedom - Pharrell Williams","https://t.co/McCYQzuIcH",21
2015-07-02 10:43:13,"Holding On (Feat. Gregory Porter)","Disclosure","Holding On (Feat. Gregory Porter) - Disclosure","https://t.co/A59KFhjiMB",21
2015-07-02 10:19:14,"Beautiful Life (Feat Action Bronson &Amp; Joey Bada$$)","Statik Selektah","Beautiful Life (Feat Action Bronson &Amp; Joey Bada$$) - Statik Selektah","https://t.co/oG1DKJUaDu",17
2015-07-02 10:15:14,"Don't Wanna Fight","Alabama Shakes","Don't Wanna Fight - Alabama Shakes","https://t.co/W1fdRGfVts",22
2015-07-02 10:09:13,"Alright","Kendrick Lamar","Alright - Kendrick Lamar","https://t.co/8mQmxY8fws",23
2015-07-02 09:58:05,"Powerful (Feat. Ellie Goulding &Amp; Tarrus Riley)","Major Lazer","Powerful (Feat. Ellie Goulding &Amp; Tarrus Riley) - Major Lazer","https://t.co/qOE3XOAbGU",18
2015-07-02 09:50:02,"Little Monster","Royal Blood","Little Monster - Royal Blood","https://t.co/hoA22ruzAz",23
2015-07-02 09:21:59,"Can't Feel My Face","The Weeknd","Can't Feel My Face - The Weeknd","https://t.co/q5jNrBLMdm",25
2015-07-02 09:11:55,"Dreams","Beck","Dreams - Beck","https://t.co/AyQGWKitnm",23
2015-07-02 09:04:56,"Bad Blood (Feat. Kendrick Lamar)","Taylor Swift","Bad Blood (Feat. Kendrick Lamar) - Taylor Swift","https://t.co/JNWOYie7i2",20
2015-07-02 09:00:54,"Cha Cha","D.R.A.M.","Cha Cha - D.R.A.M.","https://t.co/y5x202RZhS",21
2015-07-02 08:56:55,"Alright","Kendrick Lamar","Alright - Kendrick Lamar","https://t.co/8mQmxY8fws",23
2015-07-02 08:41:50,"Trap Queen","Fetty Wap","Trap Queen - Fetty Wap","https://t.co/OWRc7c13Gg",21
2015-07-02 07:24:54,"Little Monster","Royal Blood","Little Monster - Royal Blood","https://t.co/hoA22ruzAz",23
2015-07-02 07:21:54,"Don't","Bryson Tiller","Don't - Bryson Tiller","https://t.co/5aIpY2Oagv",18
2015-07-02 07:04:54,"House Every Weekend","David Zowie","House Every Weekend - David Zowie",NA,19
2015-07-02 07:01:53,"We Run The Block","Bonkaz","We Run The Block - Bonkaz","https://t.co/SWxqsMit0g",18
2015-07-02 06:16:53,"Good For You (Feat. A$Ap Rocky)","Selena Gomez","Good For You (Feat. A$Ap Rocky) - Selena Gomez","https://t.co/O0qUbiYdXK",20
2015-07-02 05:56:53,"Freedom","Pharrell Williams","Freedom - Pharrell Williams","https://t.co/McCYQzuIcH",21
2015-07-02 05:30:51,"Don't","Bryson Tiller","Don't - Bryson Tiller","https://t.co/5aIpY2Oagv",18
2015-07-02 04:30:49,"Don't","Bryson Tiller","Don't - Bryson Tiller","https://t.co/5aIpY2Oagv",18
2015-07-02 04:23:50,"We Run The Block","Bonkaz","We Run The Block - Bonkaz","https://t.co/SWxqsMit0g",18
2015-07-02 03:53:50,"Don't Wanna Fight","Alabama Shakes","Don't Wanna Fight - Alabama Shakes","https://t.co/W1fdRGfVts",22
2015-07-02 03:28:48,"Pedestrian At Best","Courtney Barnett","Pedestrian At Best - Courtney Barnett","https://t.co/VH1qO224JN",21
2015-07-02 03:02:48,"Dreams","Beck","Dreams - Beck","https://t.co/AyQGWKitnm",23
2015-07-02 01:45:46,"Don't Wanna Fight","Alabama Shakes","Don't Wanna Fight - Alabama Shakes","https://t.co/W1fdRGfVts",22
2015-07-02 01:35:46,"Trap Queen","Fetty Wap","Trap Queen - Fetty Wap","https://t.co/OWRc7c13Gg",21
2015-07-02 01:32:45,"Freedom","Pharrell Williams","Freedom - Pharrell Williams","https://t.co/McCYQzuIcH",21
2015-07-02 01:07:45,"House Every Weekend","David Zowie","House Every Weekend - David Zowie",NA,19
2015-07-02 01:04:45,"Little Monster","Royal Blood","Little Monster - Royal Blood","https://t.co/hoA22ruzAz",23
2015-07-02 00:23:43,"Bad Blood (Feat. Kendrick Lamar)","Taylor Swift","Bad Blood (Feat. Kendrick Lamar) - Taylor Swift","https://t.co/JNWOYie7i2",20
2015-07-02 00:02:43,"Cha Cha","D.R.A.M.","Cha Cha - D.R.A.M.","https://t.co/y5x202RZhS",21
2015-07-01 23:58:44,"Beautiful Life (Feat Action Bronson &Amp; Joey Bada$$)","Statik Selektah","Beautiful Life (Feat Action Bronson &Amp; Joey Bada$$) - Statik Selektah","https://t.co/oG1DKJUaDu",17
2015-07-01 22:55:42,"Freedom","Pharrell Williams","Freedom - Pharrell Williams","https://t.co/McCYQzuIcH",21
2015-07-01 22:41:40,"Holding On (Feat. Gregory Porter)","Disclosure","Holding On (Feat. Gregory Porter) - Disclosure","https://t.co/A59KFhjiMB",21
2015-07-01 22:18:40,"Beautiful Life (Feat Action Bronson &Amp; Joey Bada$$)","Statik Selektah","Beautiful Life (Feat Action Bronson &Amp; Joey Bada$$) - Statik Selektah","https://t.co/oG1DKJUaDu",17
2015-07-01 22:14:40,"Don't Wanna Fight","Alabama Shakes","Don't Wanna Fight - Alabama Shakes","https://t.co/W1fdRGfVts",22
2015-07-01 22:07:40,"Alright","Kendrick Lamar","Alright - Kendrick Lamar","https://t.co/8mQmxY8fws",23
2015-07-01 21:53:40,"Dreams","Beck","Dreams - Beck","https://t.co/AyQGWKitnm",23
2015-07-01 21:41:39,"Let It Go","James Bay","Let It Go - James Bay","https://t.co/IvTH8ev32R",20
2015-07-01 21:33:39,"Freedom","Pharrell Williams","Freedom - Pharrell Williams","https://t.co/McCYQzuIcH",21
2015-07-01 21:11:40,"Little Monster","Royal Blood","Little Monster - Royal Blood","https://t.co/hoA22ruzAz",23
2015-07-01 21:08:39,"Don't","Bryson Tiller","Don't - Bryson Tiller","https://t.co/5aIpY2Oagv",18
2015-07-01 21:00:39,"Pedestrian At Best","Courtney Barnett","Pedestrian At Best - Courtney Barnett","https://t.co/VH1qO224JN",21
2015-07-01 20:57:39,"Alright","Kendrick Lamar","Alright - Kendrick Lamar","https://t.co/8mQmxY8fws",23
2015-07-01 20:42:38,"Trap Queen","Fetty Wap","Trap Queen - Fetty Wap","https://t.co/OWRc7c13Gg",21
2015-07-01 19:24:35,"Little Monster","Royal Blood","Little Monster - Royal Blood","https://t.co/hoA22ruzAz",23
2015-07-01 19:21:35,"Don't","Bryson Tiller","Don't - Bryson Tiller","https://t.co/5aIpY2Oagv",18
2015-07-01 19:04:35,"House Every Weekend","David Zowie","House Every Weekend - David Zowie",NA,19
2015-07-01 19:03:35,"We Run The Block","Bonkaz","We Run The Block - Bonkaz","https://t.co/SWxqsMit0g",18
2015-07-01 18:46:36,"Powerful (Feat. Ellie Goulding &Amp; Tarrus Riley)","Major Lazer","Powerful (Feat. Ellie Goulding &Amp; Tarrus Riley) - Major Lazer","https://t.co/qOE3XOAbGU",18
2015-07-01 18:42:35,"Don't Wanna Fight","Alabama Shakes","Don't Wanna Fight - Alabama Shakes","https://t.co/W1fdRGfVts",22
2015-07-01 18:31:34,"Alright","Kendrick Lamar","Alright - Kendrick Lamar","https://t.co/8mQmxY8fws",23
2015-07-01 18:21:35,"Good For You (Feat. A$Ap Rocky)","Selena Gomez","Good For You (Feat. A$Ap Rocky) - Selena Gomez","https://t.co/O0qUbiYdXK",20
2015-07-01 18:08:38,"Dreams","Beck","Dreams - Beck","https://t.co/AyQGWKitnm",23
2015-07-01 18:00:33,"Let It Go","James Bay","Let It Go - James Bay","https://t.co/IvTH8ev32R",20
2015-07-01 17:57:33,"Freedom","Pharrell Williams","Freedom - Pharrell Williams","https://t.co/McCYQzuIcH",21
2015-07-01 17:32:33,"Don't","Bryson Tiller","Don't - Bryson Tiller","https://t.co/5aIpY2Oagv",18
2015-07-01 16:32:31,"Don't","Bryson Tiller","Don't - Bryson Tiller","https://t.co/5aIpY2Oagv",18
2015-07-01 16:24:31,"We Run The Block","Bonkaz","We Run The Block - Bonkaz","https://t.co/SWxqsMit0g",18
2015-07-01 15:57:31,"Let It Go","James Bay","Let It Go - James Bay","https://t.co/IvTH8ev32R",20
2015-07-01 15:37:14,"Where Are Ü Now (With Justin Bieber)","Skrillex &Amp; Diplo","Where Are Ü Now (With Justin Bieber) - Skrillex &Amp; Diplo","https://t.co/RPsSAlyXnw",22
2015-07-01 15:06:28,"Pedestrian At Best","Courtney Barnett","Pedestrian At Best - Courtney Barnett","https://t.co/VH1qO224JN",21
2015-07-01 15:02:35,"Trap Queen","Fetty Wap","Trap Queen - Fetty Wap","https://t.co/OWRc7c13Gg",21
2015-07-01 15:00:35,"Cha Cha","D.R.A.M.","Cha Cha - D.R.A.M.","https://t.co/y5x202RZhS",21
2015-07-01 14:40:34,"Good For You (Feat. A$Ap Rocky)","Selena Gomez","Good For You (Feat. A$Ap Rocky) - Selena Gomez","https://t.co/O0qUbiYdXK",20
2015-07-01 11:40:20,"Alright","Kendrick Lamar","Alright - Kendrick Lamar","https://t.co/8mQmxY8fws",23
2015-07-01 11:32:18,"Good For You (Feat. A$Ap Rocky)","Selena Gomez","Good For You (Feat. A$Ap Rocky) - Selena Gomez","https://t.co/O0qUbiYdXK",20
2015-07-01 10:55:10,"Freedom","Pharrell Williams","Freedom - Pharrell Williams","https://t.co/McCYQzuIcH",21
2015-07-01 10:05:01,"Can't Feel My Face","The Weeknd","Can't Feel My Face - The Weeknd","https://t.co/q5jNrBLMdm",25
2015-07-01 10:00:58,"Let It Go","James Bay","Let It Go - James Bay","https://t.co/IvTH8ev32R",20
